"id","code","identifier","userAgent","deviceLanguage","city","region","country","latitude","longitude","tagId","createdAt","updatedAt"
23187,"3666057202476","110308439278419931","Mozilla/5.0 (iPhone; CPU iPhone OS 18_1_1 like Mac OS X) AppleWebKit/605.1.15 (KHTML, like Gecko) Mobile/15E148 MicroMessenger/8.0.54(0x18003633) NetType/WIFI Language/zh_CN",zh,"","",CN,34.773200,113.722000,,2024-12-12 03:35:17.735 +0100,2024-12-12 03:35:17.735 +0100
23188,"3666057202476","110308439287334379","Mozilla/5.0 (iPhone; CPU iPhone OS 16_1_2 like Mac OS X) AppleWebKit/605.1.15 (KHTML, like Gecko) Mobile/15E148 MicroMessenger/8.0.54(0x18003633) NetType/4G Language/zh_CN",zh,Changsha,HN,CN,28.201400,112.961100,,2024-12-12 03:37:29.179 +0100,2024-12-12 03:37:29.179 +0100
23189,"3666057202476","110308439283310605","Mozilla/5.0 (Linux; Android 14; 22021211RC Build/UKQ1.231207.002; wv) AppleWebKit/537.36 (KHTML, like Gecko) Version/4.0 Chrome/105.0.5195.148 MYWeb/0.11.0.241209173309 UWS/3.22.2.9999 UCBS/3.22.2.9999_220000000000 Mobile Safari/537.36 NebulaSDK/1.8.100112 Nebula AlipayDefined(nt:WIFI,ws:393|0|2.75) AliApp(AP/10.6.70.8100) AlipayClient/10.6.70.8100 Language/zh-Hans useStatusBar/true isConcaveScreen/true Region/CNAriver/1.0.0 DTN/2.0",zh,Dongguan,GD,CN,23.017700,113.750600,,2024-12-12 03:41:07.416 +0100,2024-12-12 03:41:07.416 +0100
23190,"3666057202476","110308439283310605","Mozilla/5.0 (Linux; U; Android 14; zh-cn; 22021211RC Build/UKQ1.231207.002) AppleWebKit/537.36 (KHTML, like Gecko) Chrome/122.0.6261.119 Mobile Safari/537.36 XiaoMi/MiuiBrowser/18.7.921118",zh,Dongguan,GD,CN,23.017700,113.750600,,2024-12-12 03:43:07.509 +0100,2024-12-12 03:43:07.509 +0100
23191,"3666057269158","110977781935622869","Mozilla/5.0 (Linux; Android 6.0.1; OPPO R9s Build/MMB29M) AppleWebKit/537.36 (KHTML, like Gecko) Version/4.0 Chrome/37.0.0.0 Mobile MQQBrowser/6.9 TBS/036906 Safari/537.36 MicroMessenger/6.5.4.1000 NetType/4G Language/zh_CN",zh,"","",CN,34.773200,113.722000,,2024-12-12 03:43:22.987 +0100,2024-12-12 03:43:22.987 +0100
23192,"3666057269158","110977781937653137","Mozilla/5.0 (iPhone; CPU iPhone OS 17_0_2 like Mac OS X) AppleWebKit/605.1.15 (KHTML, like Gecko) Mobile/15E148 MicroMessenger/8.0.54(0x18003633) NetType/WIFI Language/zh_CN",zh,"","",CN,34.773200,113.722000,,2024-12-12 03:44:56.237 +0100,2024-12-12 03:44:56.237 +0100
23193,"3666057269158","110977781937653137","Mozilla/5.0 (iPhone; CPU iPhone OS 17_0_2 like Mac OS X) AppleWebKit/605.1.15 (KHTML, like Gecko) Mobile/15E148 MicroMessenger/8.0.54(0x18003633) NetType/WIFI Language/zh_CN",zh,"","",CN,34.773200,113.722000,,2024-12-12 03:45:46.271 +0100,2024-12-12 03:45:46.271 +0100
23194,"3666057202476","110308439278419931","Mozilla/5.0 (iPhone; CPU iPhone OS 16_2 like Mac OS X) AppleWebKit/605.1.15 (KHTML, like Gecko) Version/16.2 Mobile/15E148 Safari/604.1",en,"","",KH,13.010200,105.005000,,2024-12-12 03:46:20.510 +0100,2024-12-12 03:46:20.510 +0100
23195,"3666057202506","110308745605651050","Mozilla/5.0 (iPhone; CPU iPhone OS 15_3_1 like Mac OS X) AppleWebKit/605.1.15 (KHTML, like Gecko) Mobile/15E148 MicroMessenger/8.0.54(0x18003633) NetType/WIFI Language/zh_CN",zh,Nanjing,JS,CN,32.058900,118.773800,,2024-12-12 03:49:31.025 +0100,2024-12-12 03:49:31.025 +0100
23196,"3666057202520","110308985648677031","Mozilla/5.0 (iPhone; CPU iPhone OS 15_4_1 like Mac OS X) AppleWebKit/605.1.15 (KHTML, like Gecko) Mobile/15E148 MicroMessenger/8.0.54(0x18003633) NetType/WIFI Language/zh_CN",zh,Shanghai,SH,CN,31.222200,121.458100,,2024-12-12 03:55:03.438 +0100,2024-12-12 03:55:03.438 +0100
23197,"3666057202476","110308439276972582","Mozilla/5.0 (iPhone; CPU iPhone OS 18_1_1 like Mac OS X) AppleWebKit/605.1.15 (KHTML, like Gecko) Version/18.1.1 Mobile/15E148 Safari/604.1",zh,Chengdu,SC,CN,30.649800,104.055500,,2024-12-12 04:06:51.330 +0100,2024-12-12 04:06:51.330 +0100
23198,"3666057202520","110308985649084760","Mozilla/5.0 (Linux; Android 12; LEM-AL00 Build/HUAWEILEM-AL00; wv) AppleWebKit/537.36 (KHTML, like Gecko) Version/4.0 Chrome/130.0.6723.103 Mobile Safari/537.36 XWEB/1300125 MMWEBSDK/20241103 MMWEBID/2468 MicroMessenger/8.0.54.2760(0x2800363F) WeChat/arm64 Weixin NetType/WIFI Language/zh_CN ABI/arm64",zh,"","",CN,34.773200,113.722000,,2024-12-12 04:11:00.433 +0100,2024-12-12 04:11:00.433 +0100
23199,"3666057202520","110308985649586394","Mozilla/5.0 (iPhone; CPU iPhone OS 17_4_1 like Mac OS X) AppleWebKit/605.1.15 (KHTML, like Gecko) Mobile/15E148 MicroMessenger/8.0.54(0x18003633) NetType/WIFI Language/zh_CN",zh,"","",CN,34.773200,113.722000,,2024-12-12 04:23:42.637 +0100,2024-12-12 04:23:42.637 +0100
23200,"3666057202476","110308439277137898","Mozilla/5.0 (iPhone; CPU iPhone OS 18_1_1 like Mac OS X) AppleWebKit/605.1.15 (KHTML, like Gecko) Mobile/15E148 MicroMessenger/8.0.54(0x18003633) NetType/WIFI Language/zh_CN",zh,"","",CN,34.773200,113.722000,,2024-12-12 04:24:40.944 +0100,2024-12-12 04:24:40.944 +0100
23201,"3666057202476","110308439292401004","Mozilla/5.0 (Linux; Android 14; PJX110 Build/UKQ1.231108.001; wv) AppleWebKit/537.36 (KHTML, like Gecko) Version/4.0 Chrome/130.0.6723.103 Mobile Safari/537.36 XWEB/1300125 MMWEBSDK/20241103 MMWEBID/8532 MicroMessenger/8.0.54.2760(0x2800363F) WeChat/arm64 Weixin NetType/WIFI Language/zh_CN ABI/arm64",zh,Shenzhen,GD,CN,22.555900,114.057700,,2024-12-12 04:25:48.033 +0100,2024-12-12 04:25:48.033 +0100
23202,"3666057202506","110308748064013551","Mozilla/5.0 (iPhone; CPU iPhone OS 15_5 like Mac OS X) AppleWebKit/605.1.15 (KHTML, like Gecko) Mobile/15E148 MicroMessenger/8.0.54(0x18003633) NetType/WIFI Language/zh_CN",zh,Guangzhou,GD,CN,23.118100,113.253900,,2024-12-12 04:29:37.233 +0100,2024-12-12 04:29:37.233 +0100
23203,"3666057202520","110308985647178416","Mozilla/5.0 (Linux; Android 12; DCO-AL00 Build/HUAWEIDCO-AL00; wv) AppleWebKit/537.36 (KHTML, like Gecko) Version/4.0 Chrome/130.0.6723.103 Mobile Safari/537.36 XWEB/1300125 MMWEBSDK/20241103 MMWEBID/6755 MicroMessenger/8.0.54.2760(0x2800363F) WeChat/arm64 Weixin NetType/WIFI Language/zh_CN ABI/arm64",zh,Zhangjiagang,JS,CN,31.873100,120.542500,,2024-12-12 04:32:15.713 +0100,2024-12-12 04:32:15.713 +0100
23204,"3666057202506","110308748063926647","Mozilla/5.0 (iPhone; CPU iPhone OS 18_1_1 like Mac OS X) AppleWebKit/605.1.15 (KHTML, like Gecko) Mobile/15E148 MicroMessenger/8.0.54(0x18003633) NetType/4G Language/zh_CN",zh,"","",CN,34.773200,113.722000,,2024-12-12 04:33:54.984 +0100,2024-12-12 04:33:54.984 +0100
23205,"3666057202506","110308745605783072","Mozilla/5.0 (Linux; Android 13; V2163A Build/TP1A.220624.014; wv) AppleWebKit/537.36 (KHTML, like Gecko) Version/4.0 Chrome/130.0.6723.103 Mobile Safari/537.36 XWEB/1300125 MMWEBSDK/20240802 MMWEBID/2638 MicroMessenger/8.0.53.2740(0x2800353F) WeChat/arm64 Weixin NetType/WIFI Language/zh_CN ABI/arm64",zh,Wuhan,HB,CN,30.589000,114.268100,,2024-12-12 04:35:37.169 +0100,2024-12-12 04:35:37.169 +0100
23206,"3666057202506","110308748062608162","Mozilla/5.0 (iPhone; CPU iPhone OS 18_0 like Mac OS X) AppleWebKit/605.1.15 (KHTML, like Gecko) Mobile/15E148 MicroMessenger/8.0.54(0x18003633) NetType/WIFI Language/zh_CN",zh,Shanghai,SH,CN,31.222200,121.458100,,2024-12-12 04:36:50.250 +0100,2024-12-12 04:36:50.250 +0100
23207,"3666057202506","110308745607744163","Mozilla/5.0 (iPhone; CPU iPhone OS 17_5_1 like Mac OS X) AppleWebKit/605.1.15 (KHTML, like Gecko) Mobile/15E148 MicroMessenger/8.0.54(0x18003633) NetType/WIFI Language/zh_CN",zh,Guangzhou,GD,CN,23.118100,113.253900,,2024-12-12 04:38:19.623 +0100,2024-12-12 04:38:19.623 +0100
23208,"3666057269158","110977781935616844","Mozilla/5.0 (iPhone; CPU iPhone OS 16_1_1 like Mac OS X) AppleWebKit/605.1.15 (KHTML, like Gecko) Mobile/15E148 MicroMessenger/8.0.54(0x18003633) NetType/WIFI Language/zh_CN",zh,Xiaogan,HB,CN,30.939000,113.884000,,2024-12-12 04:42:38.677 +0100,2024-12-12 04:42:38.677 +0100
23209,"3666057269158","110977781935616844","Mozilla/5.0 (iPhone; CPU iPhone OS 16_1_1 like Mac OS X) AppleWebKit/605.1.15 (KHTML, like Gecko) Mobile/15E148 MicroMessenger/8.0.54(0x18003633) NetType/WIFI Language/zh_CN",zh,Xiaogan,HB,CN,30.939000,113.884000,,2024-12-12 04:43:11.753 +0100,2024-12-12 04:43:11.753 +0100
23210,"3666057202506","110308745604466471","Mozilla/5.0 (iPhone; CPU iPhone OS 17_7 like Mac OS X) AppleWebKit/605.1.15 (KHTML, like Gecko) Mobile/15E148 MicroMessenger/8.0.53(0x18003531) NetType/4G Language/zh_CN",zh,Wuhan,HB,CN,30.589000,114.268100,,2024-12-12 04:49:18.211 +0100,2024-12-12 04:49:18.211 +0100
23211,"3666057202520","110308985648688730","Mozilla/5.0 (Linux; Android 14; SM-S9260 Build/UP1A.231005.007; wv) AppleWebKit/537.36 (KHTML, like Gecko) Version/4.0 Chrome/130.0.6723.103 Mobile Safari/537.36 XWEB/1300149 MMWEBSDK/20241103 MMWEBID/1780 MicroMessenger/8.0.54.2760(0x2800363F) WeChat/arm64 Weixin NetType/WIFI Language/zh_CN ABI/arm64",zh,Hefei,AH,CN,31.856400,117.266100,,2024-12-12 04:53:48.347 +0100,2024-12-12 04:53:48.347 +0100
23212,"3666057202520","110308985649537914","Mozilla/5.0 (iPhone; CPU iPhone OS 15_4_1 like Mac OS X) AppleWebKit/605.1.15 (KHTML, like Gecko) Mobile/15E148 MicroMessenger/8.0.54(0x18003633) NetType/WIFI Language/zh_CN",zh,Shanghai,SH,CN,31.222200,121.458100,,2024-12-12 04:56:22.297 +0100,2024-12-12 04:56:22.297 +0100
23213,"3666057202476","110308439287873861","Mozilla/5.0 (iPhone; CPU iPhone OS 17_6_1 like Mac OS X) AppleWebKit/605.1.15 (KHTML, like Gecko) Mobile/15E148 MicroMessenger/8.0.41(0x18002930) NetType/WIFI Language/zh_CN",zh,"","",CN,34.773200,113.722000,,2024-12-12 04:58:36.491 +0100,2024-12-12 04:58:36.491 +0100
23214,"3666057202506","110308748085033705","Mozilla/5.0 (iPhone; CPU iPhone OS 15_4_1 like Mac OS X) AppleWebKit/605.1.15 (KHTML, like Gecko) Mobile/15E148 MicroMessenger/8.0.48(0x18003030) NetType/WIFI Language/zh_CN",zh,"","",CN,34.773200,113.722000,,2024-12-12 04:59:42.283 +0100,2024-12-12 04:59:42.283 +0100
23215,"3666057202506","110308748085033705","Mozilla/5.0 (iPhone; CPU iPhone OS 15_4_1 like Mac OS X) AppleWebKit/605.1.15 (KHTML, like Gecko) Mobile/15E148 MicroMessenger/8.0.48(0x18003030) NetType/WIFI Language/zh_CN",zh,"","",CN,34.773200,113.722000,,2024-12-12 05:01:19.259 +0100,2024-12-12 05:01:19.259 +0100
23216,"3666057202476","110308439283310605","Mozilla/5.0 (iPhone; CPU iPhone OS 17_6_1 like Mac OS X) AppleWebKit/605.1.15 (KHTML, like Gecko) Mobile/15E148 MicroMessenger/8.0.54(0x18003633) NetType/4G Language/zh_CN",zh,Nanjing,JS,CN,32.058900,118.773800,,2024-12-12 05:02:53.487 +0100,2024-12-12 05:02:53.487 +0100
23217,"3666057202520","110308985650788329","Mozilla/5.0 (iPhone; CPU iPhone OS 16_1_1 like Mac OS X) AppleWebKit/605.1.15 (KHTML, like Gecko) Mobile/20B101 Ariver/1.1.0 AliApp(AP/10.6.18.6000) Nebula WK RVKType(1) AlipayDefined(nt:WIFI,ws:390|780|3.0) AlipayClient/10.6.18.6000 Alipay Language/zh-Hans Region/CN NebulaX/1.0.0 DTN/2.0",zh,"","",CN,34.773200,113.722000,,2024-12-12 05:03:31.627 +0100,2024-12-12 05:03:31.627 +0100
23218,"3666057202520","110308985650788329","Mozilla/5.0 (iPhone; CPU iPhone OS 16_1_1 like Mac OS X) AppleWebKit/605.1.15 (KHTML, like Gecko) Mobile/20B101 Ariver/1.1.0 AliApp(AP/10.6.18.6000) Nebula WK RVKType(1) AlipayDefined(nt:WIFI,ws:390|780|3.0) AlipayClient/10.6.18.6000 Alipay Language/zh-Hans Region/CN NebulaX/1.0.0 DTN/2.0",zh,"","",CN,34.773200,113.722000,,2024-12-12 05:04:05.254 +0100,2024-12-12 05:04:05.254 +0100
23219,"3666057202520","110308985649839636","Mozilla/5.0 (iPhone; CPU iPhone OS 16_0_2 like Mac OS X) AppleWebKit/605.1.15 (KHTML, like Gecko) Mobile/15E148 MicroMessenger/8.0.29(0x18001d38) NetType/WIFI Language/zh_CN",zh,"","",CN,34.773200,113.722000,,2024-12-12 05:04:43.892 +0100,2024-12-12 05:04:43.892 +0100
23220,"3666057202506","110308748085033705","Mozilla/5.0 (iPhone; CPU iPhone OS 15_4_1 like Mac OS X) AppleWebKit/605.1.15 (KHTML, like Gecko) Mobile/15E148 MicroMessenger/8.0.48(0x18003030) NetType/WIFI Language/zh_CN",zh,"","",CN,34.773200,113.722000,,2024-12-12 05:05:49.504 +0100,2024-12-12 05:05:49.504 +0100
23221,"3666057202506","110308745602199074","Mozilla/5.0 (Linux; Android 14; ELI-AN00 Build/HONORELI-AN00; wv) AppleWebKit/537.36 (KHTML, like Gecko) Version/4.0 Chrome/130.0.6723.103 Mobile Safari/537.36 XWEB/1300125 MMWEBSDK/20241103 MMWEBID/8741 MicroMessenger/8.0.54.2760(0x2800363F) WeChat/arm64 Weixin NetType/WIFI Language/zh_CN ABI/arm64",zh,Quanzhou,FJ,CN,24.905100,118.570700,,2024-12-12 05:06:27.140 +0100,2024-12-12 05:06:27.140 +0100
23222,"3666057202476","110308439291417679","Mozilla/5.0 (iPhone; CPU iPhone OS 18_1_1 like Mac OS X) AppleWebKit/605.1.15 (KHTML, like Gecko) Mobile/15E148 MicroMessenger/8.0.54(0x18003633) NetType/4G Language/zh_CN",zh,"","",CN,34.773200,113.722000,,2024-12-12 05:06:33.527 +0100,2024-12-12 05:06:33.527 +0100
23223,"3666057202476","110308439276771277","Mozilla/5.0 (iPhone; CPU iPhone OS 16_1_2 like Mac OS X) AppleWebKit/605.1.15 (KHTML, like Gecko) Mobile/15E148 MicroMessenger/8.0.54(0x18003633) NetType/4G Language/zh_CN",zh,Kunming,YN,CN,25.008800,102.651300,,2024-12-12 05:06:53.670 +0100,2024-12-12 05:06:53.670 +0100
23224,"3666057202506","110308745602914004","Mozilla/5.0 (Linux; Android 15; V2419A Build/AP3A.240905.015.A1_V000L1; wv) AppleWebKit/537.36 (KHTML, like Gecko) Version/4.0 Chrome/130.0.6723.103 Mobile Safari/537.36 XWEB/1300149 MMWEBSDK/20241103 MMWEBID/7117 MicroMessenger/8.0.54.2760(0x2800363F) WeChat/arm64 Weixin NetType/WIFI Language/zh_CN ABI/arm64",zh,"","",CN,34.773200,113.722000,,2024-12-12 05:07:02.577 +0100,2024-12-12 05:07:02.577 +0100
23225,"3666057202476","110308439290746909","Mozilla/5.0 (iPhone; CPU iPhone OS 18_1_1 like Mac OS X) AppleWebKit/605.1.15 (KHTML, like Gecko) Mobile/15E148 MicroMessenger/8.0.54(0x18003633) NetType/WIFI Language/zh_CN",zh,Guangzhou,GD,CN,23.118100,113.253900,,2024-12-12 05:08:12.087 +0100,2024-12-12 05:08:12.087 +0100
23226,"3666057202476","110308439290746909","Mozilla/5.0 (iPhone; CPU iPhone OS 18_1_1 like Mac OS X) AppleWebKit/605.1.15 (KHTML, like Gecko) Mobile/15E148 MicroMessenger/8.0.54(0x18003633) NetType/WIFI Language/zh_CN",zh,Guangzhou,GD,CN,23.118100,113.253900,,2024-12-12 05:08:22.631 +0100,2024-12-12 05:08:22.631 +0100
23227,"3666057202506","110308745606573313","Mozilla/5.0 (iPhone; CPU iPhone OS 17_3_1 like Mac OS X) AppleWebKit/605.1.15 (KHTML, like Gecko) Mobile/15E148 MicroMessenger/8.0.54(0x18003633) NetType/WIFI Language/zh_CN",zh,Tianjin,TJ,CN,39.148800,117.176200,,2024-12-12 05:09:17.954 +0100,2024-12-12 05:09:17.954 +0100
23228,"3666057202520","110308985648428053","Mozilla/5.0 (Linux; Android 12; NOH-AN00 Build/HUAWEINOH-AN00; wv) AppleWebKit/537.36 (KHTML, like Gecko) Version/4.0 Chrome/130.0.6723.103 Mobile Safari/537.36 XWEB/1300125 MMWEBSDK/20241103 MMWEBID/6075 MicroMessenger/8.0.54.2760(0x2800363F) WeChat/arm64 Weixin NetType/5G Language/zh_CN ABI/arm64",zh,Nanjing,JS,CN,32.058900,118.773800,,2024-12-12 05:09:51.601 +0100,2024-12-12 05:09:51.601 +0100
23229,"3666057269158","110977781935366336","Mozilla/5.0 (iPhone; CPU iPhone OS 18_1_1 like Mac OS X) AppleWebKit/605.1.15 (KHTML, like Gecko) Mobile/15E148 MicroMessenger/8.0.54(0x18003633) NetType/WIFI Language/zh_CN",zh,"","",CN,34.773200,113.722000,,2024-12-12 05:10:11.585 +0100,2024-12-12 05:10:11.585 +0100
23230,"3666057269158","110977781935366336","Mozilla/5.0 (iPhone; CPU iPhone OS 18_1_1 like Mac OS X) AppleWebKit/605.1.15 (KHTML, like Gecko) Mobile/15E148 MicroMessenger/8.0.54(0x18003633) NetType/WIFI Language/zh_CN",zh,"","",CN,34.773200,113.722000,,2024-12-12 05:10:44.279 +0100,2024-12-12 05:10:44.279 +0100
23231,"3666057202445","110308121992764274","Mozilla/5.0 (iPhone; CPU iPhone OS 18_1_1 like Mac OS X) AppleWebKit/605.1.15 (KHTML, like Gecko) Version/18.1.1 Mobile/15E148 Safari/604.1",es,Puebla,CMX,MX,19.403800,-99.089200,,2024-12-12 05:13:45.507 +0100,2024-12-12 05:13:45.507 +0100
23232,"3666057202476","110308439283879706","Mozilla/5.0 (iPhone; CPU iPhone OS 15_3_1 like Mac OS X) AppleWebKit/605.1.15 (KHTML, like Gecko) Version/15.3 Mobile/15E148 Safari/604.1",en,Phnom Penh,"12",KH,11.558300,104.912100,,2024-12-12 05:14:17.708 +0100,2024-12-12 05:14:17.708 +0100
23233,"3666057202476","110308439283310605","Mozilla/5.0 (Linux; Android 10; V1938T Build/QP1A.190711.020; wv) AppleWebKit/537.36 (KHTML, like Gecko) Version/4.0 Chrome/130.0.6723.103 Mobile Safari/537.36 XWEB/1300149 MMWEBSDK/20240802 MMWEBID/4265 MicroMessenger/8.0.53.2740(0x2800353F) WeChat/arm64 Weixin NetType/WIFI Language/zh_CN ABI/arm64",zh,"","",CN,34.773200,113.722000,,2024-12-12 05:15:08.289 +0100,2024-12-12 05:15:08.289 +0100
23234,"3666057202476","110308439283879706","Mozilla/5.0 (iPhone; CPU iPhone OS 15_3_1 like Mac OS X) AppleWebKit/605.1.15 (KHTML, like Gecko) Version/15.3 Mobile/15E148 Safari/604.1",en,Phnom Penh,"12",KH,11.558300,104.912100,,2024-12-12 05:15:51.341 +0100,2024-12-12 05:15:51.341 +0100
23235,"3666057202506","110308748085657222","Mozilla/5.0 (iPhone; CPU iPhone OS 18_1_1 like Mac OS X) AppleWebKit/605.1.15 (KHTML, like Gecko) Mobile/15E148 MicroMessenger/8.0.54(0x18003633) NetType/WIFI Language/zh_CN",zh,Shijiazhuang,HE,CN,38.036000,114.465400,,2024-12-12 05:16:12.524 +0100,2024-12-12 05:16:12.524 +0100
23236,"3666057202476","110308439287334379","Mozilla/5.0 (iPhone; CPU iPhone OS 17_3_1 like Mac OS X) AppleWebKit/605.1.15 (KHTML, like Gecko) Mobile/15E148 MicroMessenger/8.0.54(0x18003633) NetType/WIFI Language/zh_CN",zh,"","",CN,34.773200,113.722000,,2024-12-12 05:16:36.533 +0100,2024-12-12 05:16:36.533 +0100
23237,"3666057202506","110308745602210977","Mozilla/5.0 (iPhone; CPU iPhone OS 18_1_1 like Mac OS X) AppleWebKit/605.1.15 (KHTML, like Gecko) Mobile/15E148 MicroMessenger/8.0.54(0x18003633) NetType/WIFI Language/zh_CN",zh,Zhoukou,HA,CN,33.630000,114.635300,,2024-12-12 05:16:51.975 +0100,2024-12-12 05:16:51.975 +0100
23238,"3666057202506","110308745604717542","Mozilla/5.0 (Linux; Android 14; 23113RKC6C Build/UKQ1.230804.001; wv) AppleWebKit/537.36 (KHTML, like Gecko) Version/4.0 Chrome/130.0.6723.103 Mobile Safari/537.36 XWEB/1300149 MMWEBSDK/20241103 MMWEBID/678 MicroMessenger/8.0.54.2760(0x2800363F) WeChat/arm64 Weixin NetType/5G Language/zh_CN ABI/arm64",zh,"","",CN,34.773200,113.722000,,2024-12-12 05:17:42.545 +0100,2024-12-12 05:17:42.545 +0100
23239,"3666057202476","110308439287334379","Mozilla/5.0 (Linux; Android 12; ELS-AN00 Build/HUAWEIELS-AN00; wv) AppleWebKit/537.36 (KHTML, like Gecko) Version/4.0 Chrome/130.0.6723.103 Mobile Safari/537.36 XWEB/1300125 MMWEBSDK/20241103 MMWEBID/5515 MicroMessenger/8.0.54.2760(0x2800363F) WeChat/arm64 Weixin NetType/WIFI Language/zh_CN ABI/arm64",zh,Shenzhen,GD,CN,22.555900,114.057700,,2024-12-12 05:18:43.059 +0100,2024-12-12 05:18:43.059 +0100
23240,"3666057202476","110308439276615410","Mozilla/5.0 (iPhone; CPU iPhone OS 18_1_1 like Mac OS X) AppleWebKit/605.1.15 (KHTML, like Gecko) Mobile/15E148 MicroMessenger/8.0.54(0x18003633) NetType/WIFI Language/zh_CN",zh,Shanghai,SH,CN,31.222200,121.458100,,2024-12-12 05:23:28.034 +0100,2024-12-12 05:23:28.034 +0100
23241,"3666057202476","110308439280161118","Mozilla/5.0 (iPhone; CPU iPhone OS 18_1_1 like Mac OS X) AppleWebKit/605.1.15 (KHTML, like Gecko) Mobile/15E148 MicroMessenger/8.0.54(0x18003633) NetType/WIFI Language/zh_HK",zh,Ningbo,ZJ,CN,29.875200,121.556400,,2024-12-12 05:23:41.166 +0100,2024-12-12 05:23:41.166 +0100
23242,"3666057202506","110308748062619526","Mozilla/5.0 (iPhone; CPU iPhone OS 17_7 like Mac OS X) AppleWebKit/605.1.15 (KHTML, like Gecko) Mobile/15E148 MicroMessenger/8.0.54(0x18003633) NetType/WIFI Language/zh_CN",zh,Shanwei,GD,CN,22.778500,115.345200,,2024-12-12 05:25:53.765 +0100,2024-12-12 05:25:53.765 +0100
23243,"3666057202506","110308745605963108","Mozilla/5.0 (Linux; Android 10; VCE-AL00 Build/HUAWEIVCE-AL00; wv) AppleWebKit/537.36 (KHTML, like Gecko) Version/4.0 Chrome/130.0.6723.103 Mobile Safari/537.36 XWEB/1300125 MMWEBSDK/20231105 MMWEBID/8668 MicroMessenger/8.0.44.2502(0x28002C36) WeChat/arm64 Weixin NetType/WIFI Language/zh_CN ABI/arm64",zh,"","",CN,34.773200,113.722000,,2024-12-12 05:28:39.803 +0100,2024-12-12 05:28:39.803 +0100
23244,"3666057202476","110308438078237479","Mozilla/5.0 (Linux; Android 12; BRA-AL00 Build/HUAWEIBRA-AL00; wv) AppleWebKit/537.36 (KHTML, like Gecko) Version/4.0 Chrome/130.0.6723.103 Mobile Safari/537.36 XWEB/1300149 MMWEBSDK/20241103 MMWEBID/995 MicroMessenger/8.0.54.2760(0x2800363F) WeChat/arm64 Weixin NetType/4G Language/zh_CN ABI/arm64",zh,Jinan,SD,CN,36.675600,117.021100,,2024-12-12 05:29:20.837 +0100,2024-12-12 05:29:20.837 +0100
23245,"3666057202506","110308748064132337","Mozilla/5.0 (iPhone; CPU iPhone OS 17_1 like Mac OS X) AppleWebKit/605.1.15 (KHTML, like Gecko) Mobile/15E148 MicroMessenger/8.0.54(0x18003633) NetType/WIFI Language/zh_CN",zh,Zhengzhou,HA,CN,34.759900,113.645900,,2024-12-12 05:29:25.722 +0100,2024-12-12 05:29:25.722 +0100
23246,"3666057202506","110308745605963108","Mozilla/5.0 (Linux; Android 10; VCE-AL00 Build/HUAWEIVCE-AL00; wv) AppleWebKit/537.36 (KHTML, like Gecko) Version/4.0 Chrome/130.0.6723.103 Mobile Safari/537.36 XWEB/1300125 MMWEBSDK/20231105 MMWEBID/8668 MicroMessenger/8.0.44.2502(0x28002C36) WeChat/arm64 Weixin NetType/WIFI Language/zh_CN ABI/arm64",zh,"","",CN,34.773200,113.722000,,2024-12-12 05:32:00.070 +0100,2024-12-12 05:32:00.070 +0100
23247,"3666057202476","110308439291828130","Mozilla/5.0 (iPhone; CPU iPhone OS 18_1_1 like Mac OS X) AppleWebKit/605.1.15 (KHTML, like Gecko) Mobile/15E148 MicroMessenger/8.0.54(0x18003633) NetType/WIFI Language/zh_CN",zh,Guiyang,GZ,CN,26.580000,106.722300,,2024-12-12 05:32:39.838 +0100,2024-12-12 05:32:39.838 +0100
23248,"3666057202506","110308748085033705","Mozilla/5.0 (iPhone; CPU iPhone OS 15_4_1 like Mac OS X) AppleWebKit/605.1.15 (KHTML, like Gecko) Mobile/15E148 MicroMessenger/8.0.48(0x18003030) NetType/WIFI Language/zh_CN",zh,"","",CN,34.773200,113.722000,,2024-12-12 05:35:33.887 +0100,2024-12-12 05:35:33.887 +0100
23249,"3666057202476","110308439287334379","Mozilla/5.0 (iPhone; CPU iPhone OS 16_5_1 like Mac OS X) AppleWebKit/605.1.15 (KHTML, like Gecko) Mobile/15E148 MicroMessenger/8.0.54(0x18003633) NetType/4G Language/zh_TW",zh,Guangzhou,GD,CN,23.118100,113.253900,,2024-12-12 05:36:29.511 +0100,2024-12-12 05:36:29.511 +0100
23250,"3666057202476","110308439283480384","Mozilla/5.0 (Linux; Android 11; CMA-AN00 Build/HONORCMA-AN00; wv) AppleWebKit/537.36 (KHTML, like Gecko) Version/4.0 Chrome/130.0.6723.103 Mobile Safari/537.36 XWEB/1300149 MMWEBSDK/20241103 MMWEBID/47 MicroMessenger/8.0.54.2760(0x2800363F) WeChat/arm64 Weixin NetType/WIFI Language/zh_CN ABI/arm64",zh,"","",CN,34.773200,113.722000,,2024-12-12 05:38:32.040 +0100,2024-12-12 05:38:32.040 +0100
23251,"3666057202506","110308748085033705","Mozilla/5.0 (iPhone; CPU iPhone OS 15_4_1 like Mac OS X) AppleWebKit/605.1.15 (KHTML, like Gecko) Mobile/15E148 MicroMessenger/8.0.48(0x18003030) NetType/WIFI Language/zh_CN",zh,"","",CN,34.773200,113.722000,,2024-12-12 05:40:36.606 +0100,2024-12-12 05:40:36.606 +0100
23252,"3666057202476","110308439283480384","Mozilla/5.0 (Linux; Android 11; CMA-AN00 Build/HONORCMA-AN00; wv) AppleWebKit/537.36 (KHTML, like Gecko) Version/4.0 Chrome/130.0.6723.103 Mobile Safari/537.36 XWEB/1300149 MMWEBSDK/20241103 MMWEBID/47 MicroMessenger/8.0.54.2760(0x2800363F) WeChat/arm64 Weixin NetType/5G Language/zh_CN ABI/arm64",zh,"","",CN,34.773200,113.722000,,2024-12-12 05:40:41.609 +0100,2024-12-12 05:40:41.609 +0100
23253,"3666057202506","110308745607931297","Mozilla/5.0 (Linux; Android 14; V2244A Build/UP1A.231005.007; wv) AppleWebKit/537.36 (KHTML, like Gecko) Version/4.0 Chrome/130.0.6723.103 Mobile Safari/537.36 XWEB/1300125 MMWEBSDK/20240802 MMWEBID/9191 MicroMessenger/8.0.53.2740(0x2800353F) WeChat/arm64 Weixin NetType/WIFI Language/zh_CN ABI/arm64",zh,Pingdingshan,HA,CN,33.734700,113.301600,,2024-12-12 05:40:56.266 +0100,2024-12-12 05:40:56.266 +0100
23254,"3666057202506","110308748085657222","Mozilla/5.0 (iPhone; CPU iPhone OS 18_1_1 like Mac OS X) AppleWebKit/605.1.15 (KHTML, like Gecko) Mobile/15E148 MicroMessenger/8.0.54(0x18003633) NetType/WIFI Language/zh_CN",zh,Shijiazhuang,HE,CN,38.036000,114.465400,,2024-12-12 05:42:02.496 +0100,2024-12-12 05:42:02.496 +0100
23255,"3666057202476","110308439283480384","Mozilla/5.0 (Linux; Android 11; CMA-AN00 Build/HONORCMA-AN00; wv) AppleWebKit/537.36 (KHTML, like Gecko) Version/4.0 Chrome/130.0.6723.103 Mobile Safari/537.36 XWEB/1300149 MMWEBSDK/20241103 MMWEBID/47 MicroMessenger/8.0.54.2760(0x2800363F) WeChat/arm64 Weixin NetType/5G Language/zh_CN ABI/arm64",zh,"","",CN,34.773200,113.722000,,2024-12-12 05:42:04.885 +0100,2024-12-12 05:42:04.885 +0100
23256,"3666057202476","110308439279538495","Mozilla/5.0 (Linux; Android 11; PCAM00 Build/RKQ1.201217.002; wv) AppleWebKit/537.36 (KHTML, like Gecko) Version/4.0 Chrome/130.0.6723.103 Mobile Safari/537.36 XWEB/1300149 MMWEBSDK/20241103 MMWEBID/6998 MicroMessenger/8.0.54.2760(0x2800363F) WeChat/arm64 Weixin NetType/WIFI Language/zh_CN ABI/arm64",zh,"","",CN,34.773200,113.722000,,2024-12-12 05:42:35.711 +0100,2024-12-12 05:42:35.711 +0100
23257,"3666057202476","110308439282047458","Mozilla/5.0 (iPhone; CPU iPhone OS 18_1_1 like Mac OS X) AppleWebKit/605.1.15 (KHTML, like Gecko) Mobile/15E148 MicroMessenger/8.0.54(0x18003633) NetType/WIFI Language/zh_CN",zh,"","",CN,34.773200,113.722000,,2024-12-12 05:44:22.631 +0100,2024-12-12 05:44:22.631 +0100
23259,"3666057202476","110308439276979079","Mozilla/5.0 (iPhone; CPU iPhone OS 17_6_1 like Mac OS X) AppleWebKit/605.1.15 (KHTML, like Gecko) Mobile/15E148 MicroMessenger/8.0.54(0x18003633) NetType/WIFI Language/zh_CN",zh,"","",CN,34.773200,113.722000,,2024-12-12 05:47:13.218 +0100,2024-12-12 05:47:13.218 +0100
23260,"3666057202476","110308439279538495","Mozilla/5.0 (Linux; Android 11; PCAM00 Build/RKQ1.201217.002; wv) AppleWebKit/537.36 (KHTML, like Gecko) Version/4.0 Chrome/130.0.6723.103 Mobile Safari/537.36 XWEB/1300149 MMWEBSDK/20241103 MMWEBID/6998 MicroMessenger/8.0.54.2760(0x2800363F) WeChat/arm64 Weixin NetType/WIFI Language/zh_CN ABI/arm64",zh,"","",CN,34.773200,113.722000,,2024-12-12 05:47:37.781 +0100,2024-12-12 05:47:37.781 +0100
23261,"3666057202506","110308748085687106","Mozilla/5.0 (Linux; Android 12; ALN-AL00 Build/HUAWEIALN-AL00; wv) AppleWebKit/537.36 (KHTML, like Gecko) Version/4.0 Chrome/130.0.6723.103 Mobile Safari/537.36 XWEB/1300149 MMWEBSDK/20241103 MMWEBID/4032 MicroMessenger/8.0.54.2760(0x2800363F) WeChat/arm64 Weixin NetType/4G Language/zh_CN ABI/arm64",zh,Guangzhou,GD,CN,23.118100,113.253900,,2024-12-12 05:48:08.086 +0100,2024-12-12 05:48:08.086 +0100
23262,"3666057202506","110308741906627657","Mozilla/5.0 (Linux; Android 14; PJV110 Build/SP1A.210812.016; wv) AppleWebKit/537.36 (KHTML, like Gecko) Version/4.0 Chrome/130.0.6723.103 Mobile Safari/537.36 XWEB/1300125 MMWEBSDK/20241103 MMWEBID/6551 MicroMessenger/8.0.54.2760(0x2800363F) WeChat/arm64 Weixin NetType/WIFI Language/zh_CN ABI/arm64",zh,Changzhou,JS,CN,31.768500,119.952700,,2024-12-12 05:49:31.853 +0100,2024-12-12 05:49:31.853 +0100
23263,"3666057202506","110308741906627657","Mozilla/5.0 (Linux; Android 14; PJV110 Build/SP1A.210812.016; wv) AppleWebKit/537.36 (KHTML, like Gecko) Version/4.0 Chrome/130.0.6723.103 Mobile Safari/537.36 XWEB/1300125 MMWEBSDK/20241103 MMWEBID/6551 MicroMessenger/8.0.54.2760(0x2800363F) WeChat/arm64 Weixin NetType/WIFI Language/zh_CN ABI/arm64",zh,Changzhou,JS,CN,31.768500,119.952700,,2024-12-12 05:50:23.564 +0100,2024-12-12 05:50:23.564 +0100
23264,"3666057202476","110308439278274394","Mozilla/5.0 (iPhone; CPU iPhone OS 18_1_1 like Mac OS X) AppleWebKit/605.1.15 (KHTML, like Gecko) Version/18.1.1 Mobile/15E148 Safari/604.1",zh,Brooklyn,NY,US,40.621400,-73.970500,,2024-12-12 05:50:38.889 +0100,2024-12-12 05:50:38.889 +0100
23265,"3666057202506","110308741906627657","Mozilla/5.0 (Linux; Android 14; PJV110 Build/SP1A.210812.016; wv) AppleWebKit/537.36 (KHTML, like Gecko) Version/4.0 Chrome/130.0.6723.103 Mobile Safari/537.36 XWEB/1300125 MMWEBSDK/20241103 MMWEBID/6551 MicroMessenger/8.0.54.2760(0x2800363F) WeChat/arm64 Weixin NetType/WIFI Language/zh_CN ABI/arm64",zh,Changzhou,JS,CN,31.768500,119.952700,,2024-12-12 05:51:06.473 +0100,2024-12-12 05:51:06.473 +0100
23266,"3666057202476","110308439279538495","Mozilla/5.0 (Linux; Android 11; PCAM00 Build/RKQ1.201217.002; wv) AppleWebKit/537.36 (KHTML, like Gecko) Version/4.0 Chrome/130.0.6723.103 Mobile Safari/537.36 XWEB/1300149 MMWEBSDK/20241103 MMWEBID/6998 MicroMessenger/8.0.54.2760(0x2800363F) WeChat/arm64 Weixin NetType/WIFI Language/zh_CN ABI/arm64",zh,"","",CN,34.773200,113.722000,,2024-12-12 05:51:40.383 +0100,2024-12-12 05:51:40.383 +0100
23267,"3666057202506","110308745605646896","Mozilla/5.0 (iPhone; CPU iPhone OS 17_4 like Mac OS X) AppleWebKit/605.1.15 (KHTML, like Gecko) Mobile/15E148 MicroMessenger/8.0.54(0x18003633) NetType/WIFI Language/zh_CN",zh,Ürümqi,XJ,CN,43.800600,87.601200,,2024-12-12 05:52:38.828 +0100,2024-12-12 05:52:38.828 +0100
23268,"3666057202520","110308985648687450","Mozilla/5.0 (iPhone; CPU iPhone OS 18_1_1 like Mac OS X) AppleWebKit/605.1.15 (KHTML, like Gecko) Mobile/15E148 MicroMessenger/8.0.54(0x18003633) NetType/WIFI Language/zh_CN",zh,Wenzhou,ZJ,CN,28.000200,120.654700,,2024-12-12 05:56:15.374 +0100,2024-12-12 05:56:15.374 +0100
23269,"3666057202476","110308439279538495","Mozilla/5.0 (Linux; Android 11; PCAM00 Build/RKQ1.201217.002; wv) AppleWebKit/537.36 (KHTML, like Gecko) Version/4.0 Chrome/130.0.6723.103 Mobile Safari/537.36 XWEB/1300149 MMWEBSDK/20241103 MMWEBID/6998 MicroMessenger/8.0.54.2760(0x2800363F) WeChat/arm64 Weixin NetType/WIFI Language/zh_CN ABI/arm64",zh,"","",CN,34.773200,113.722000,,2024-12-12 06:06:25.673 +0100,2024-12-12 06:06:25.673 +0100
23270,"3666057269158","110977781937370317","Mozilla/5.0 (Linux; Android 12; PLA-AL10 Build/HUAWEIPLA-AL10; wv) AppleWebKit/537.36 (KHTML, like Gecko) Version/4.0 Chrome/130.0.6723.103 Mobile Safari/537.36 XWEB/1300149 MMWEBSDK/20241101 MMWEBID/9437 MicroMessenger/8.0.54.2760(0x280036E6) WeChat/arm64 Weixin NetType/4G Language/zh_CN ABI/arm64",zh,"","",CN,34.773200,113.722000,,2024-12-12 06:12:33.571 +0100,2024-12-12 06:12:33.571 +0100
23271,"3666057202506","110308745606134705","Mozilla/5.0 (iPhone; CPU iPhone OS 15_4_1 like Mac OS X) AppleWebKit/605.1.15 (KHTML, like Gecko) Mobile/15E148 MicroMessenger/8.0.54(0x18003633) NetType/WIFI Language/zh_CN",zh,Shenzhen,GD,CN,22.555900,114.057700,,2024-12-12 06:16:06.068 +0100,2024-12-12 06:16:06.068 +0100
23272,"3666057269158","110977781935622869","Mozilla/5.0 (Linux; Android 12; RKY-AN00 Build/HONORRKY-AN00; wv) AppleWebKit/537.36 (KHTML, like Gecko) Version/4.0 Chrome/130.0.6723.103 Mobile Safari/537.36 XWEB/1300125 MMWEBSDK/20241103 MMWEBID/4496 MicroMessenger/8.0.54.2760(0x2800363F) WeChat/arm64 Weixin NetType/WIFI Language/zh_CN ABI/arm64",zh,"","",CN,34.773200,113.722000,,2024-12-12 06:20:24.124 +0100,2024-12-12 06:20:24.124 +0100
23273,"3666057202506","110308745607261370","Mozilla/5.0 (Linux; Android 14; PGFM10 Build/UKQ1.231108.001; wv) AppleWebKit/537.36 (KHTML, like Gecko) Version/4.0 Chrome/130.0.6723.103 Mobile Safari/537.36 XWEB/1300125 MMWEBSDK/20241103 MMWEBID/9228 MicroMessenger/8.0.54.2760(0x2800363F) WeChat/arm64 Weixin NetType/WIFI Language/zh_CN ABI/arm64",zh,Zibo,SD,CN,36.799800,117.969700,,2024-12-12 06:21:40.505 +0100,2024-12-12 06:21:40.505 +0100
23274,"3666057202520","110308985651496575","Mozilla/5.0 (Linux; Android 12; ANA-AN00 Build/HUAWEIANA-AN00; wv) AppleWebKit/537.36 (KHTML, like Gecko) Version/4.0 Chrome/130.0.6723.103 Mobile Safari/537.36 XWEB/1300125 MMWEBSDK/20241103 MMWEBID/5416 MicroMessenger/8.0.54.2760(0x2800363F) WeChat/arm64 Weixin NetType/WIFI Language/zh_CN ABI/arm64",zh,Guangzhou,GD,CN,23.118100,113.253900,,2024-12-12 06:23:31.227 +0100,2024-12-12 06:23:31.227 +0100
23275,"3666057202476","110308439285986396","Mozilla/5.0 (iPhone; CPU iPhone OS 16_3_1 like Mac OS X) AppleWebKit/605.1.15 (KHTML, like Gecko) Mobile/15E148 MicroMessenger/8.0.52(0x18003426) NetType/WIFI Language/zh_CN",zh,Foshan,GD,CN,23.026100,113.137100,,2024-12-12 06:27:38.364 +0100,2024-12-12 06:27:38.364 +0100
23276,"3666057202476","110308439285986396","Mozilla/5.0 (iPhone; CPU iPhone OS 16_3_1 like Mac OS X) AppleWebKit/605.1.15 (KHTML, like Gecko) Mobile/15E148 SP-engine/2.98.0 main/1.0 baiduboxapp/13.59.5.10 (Baidu; P2 16.3.1) NABar/1.0 themeUA=Theme/default",zh,Foshan,GD,CN,23.026100,113.137100,,2024-12-12 06:27:51.603 +0100,2024-12-12 06:27:51.603 +0100
23277,"3666057202476","110308439282489937","Mozilla/5.0 (iPhone; CPU iPhone OS 16_3_1 like Mac OS X) AppleWebKit/605.1.15 (KHTML, like Gecko) Mobile/15E148 MicroMessenger/8.0.54(0x18003633) NetType/WIFI Language/zh_CN",zh,Dalian,LN,CN,38.938400,121.622400,,2024-12-12 06:32:19.893 +0100,2024-12-12 06:32:19.893 +0100
23278,"3666057202476","110308439285986396","Mozilla/5.0 (Linux; Android 6.0.1; SOV33 Build/35.0.D.0.326) AppleWebKit/537.36 (KHTML, like Gecko) Chrome/49.0.2623.91 Mobile Safari/537.36",en,"","",CN,34.773200,113.722000,,2024-12-12 06:34:35.949 +0100,2024-12-12 06:34:35.949 +0100
23279,"3666057202506","110308748085792107","Mozilla/5.0 (iPhone; CPU iPhone OS 17_0_2 like Mac OS X) AppleWebKit/605.1.15 (KHTML, like Gecko) Mobile/15E148 MicroMessenger/8.0.54(0x18003633) NetType/WIFI Language/zh_CN",zh,Shanghai,SH,CN,31.222200,121.458100,,2024-12-12 06:38:52.222 +0100,2024-12-12 06:38:52.222 +0100
23280,"3666057202476","110308439287334379","Mozilla/5.0 (Linux; Android 12; ALN-AL00 Build/HUAWEIALN-AL00; wv) AppleWebKit/537.36 (KHTML, like Gecko) Version/4.0 Chrome/130.0.6723.103 Mobile Safari/537.36 XWEB/1300125 MMWEBSDK/20241103 MMWEBID/5774 MicroMessenger/8.0.54.2760(0x2800363F) WeChat/arm64 Weixin NetType/4G Language/zh_CN ABI/arm64",zh,Nanjing,JS,CN,32.058900,118.773800,,2024-12-12 06:40:32.995 +0100,2024-12-12 06:40:32.995 +0100
23282,"3666057202476","110308439287334379","Mozilla/5.0 (iPhone; CPU iPhone OS 18_1_1 like Mac OS X) AppleWebKit/605.1.15 (KHTML, like Gecko) Mobile/15E148 MicroMessenger/8.0.54(0x18003633) NetType/WIFI Language/zh_CN",zh,"","",CN,34.773200,113.722000,,2024-12-12 06:51:49.944 +0100,2024-12-12 06:51:49.944 +0100
23283,"3666057202520","110308985648693031","Mozilla/5.0 (Linux; Android 12; BRA-AL00 Build/HUAWEIBRA-AL00; wv) AppleWebKit/537.36 (KHTML, like Gecko) Version/4.0 Chrome/130.0.6723.103 Mobile Safari/537.36 XWEB/1300149 MMWEBSDK/20240802 MMWEBID/4015 MicroMessenger/8.0.53.2740(0x2800353F) WeChat/arm64 Weixin NetType/WIFI Language/zh_CN ABI/arm64",zh,"","",CN,34.773200,113.722000,,2024-12-12 06:59:02.650 +0100,2024-12-12 06:59:02.650 +0100
23284,"3666057202506","110308748064031821","Mozilla/5.0 (iPhone; CPU iPhone OS 15_4 like Mac OS X) AppleWebKit/605.1.15 (KHTML, like Gecko) Mobile/15E148 MicroMessenger/8.0.47(0x18002f2c) NetType/WIFI Language/zh_CN",zh,Beijing,BJ,CN,39.911000,116.395000,,2024-12-12 07:07:19.085 +0100,2024-12-12 07:07:19.085 +0100
23285,"3666057269158","110977781937410471","Mozilla/5.0 (iPhone; CPU iPhone OS 18_1_1 like Mac OS X) AppleWebKit/605.1.15 (KHTML, like Gecko) Mobile/15E148 MicroMessenger/8.0.54(0x18003633) NetType/4G Language/zh_CN",zh,Hangzhou,ZJ,CN,30.299400,120.161200,,2024-12-12 07:07:35.029 +0100,2024-12-12 07:07:35.029 +0100
23286,"3666057202520","110308985647708583","Mozilla/5.0 (iPhone; CPU iPhone OS 17_5_1 like Mac OS X) AppleWebKit/605.1.15 (KHTML, like Gecko) Mobile/15E148 MicroMessenger/8.0.54(0x18003633) NetType/WIFI Language/zh_CN",zh,Shenzhen,GD,CN,22.555900,114.057700,,2024-12-12 07:10:49.725 +0100,2024-12-12 07:10:49.725 +0100
23287,"3666057202476","110308439283081123","Mozilla/5.0 (iPhone; CPU iPhone OS 18_1_1 like Mac OS X) AppleWebKit/605.1.15 (KHTML, like Gecko) Mobile/15E148 MicroMessenger/8.0.47(0x18002f2c) NetType/WIFI Language/zh_CN",zh,"","",CN,34.773200,113.722000,,2024-12-12 07:11:05.239 +0100,2024-12-12 07:11:05.239 +0100
23288,"3666057202506","110308748062625985","Mozilla/5.0 (iPhone; CPU iPhone OS 18_1_1 like Mac OS X) AppleWebKit/605.1.15 (KHTML, like Gecko) Mobile/22B91 Ariver/1.1.0 AliApp(AP/10.6.70.6000) Nebula WK RVKType(1) AlipayDefined(nt:WIFI,ws:393|788|3.0) AlipayClient/10.6.70.6000 Alipay Language/zh-Hans Region/CN NebulaX/1.0.0",zh,"","",CN,34.773200,113.722000,,2024-12-12 07:12:44.897 +0100,2024-12-12 07:12:44.897 +0100
